{
  "senither": {
    "slayer": {
      "zombie": [
        2208,
        0.15
      ],
      "spider": [
        2118,
        0.08
      ],
      "wolf": [
        1962,
        0.015
      ],
      "enderman": [
        1430,
        0.017
      ]
    },
    "skills": {
      "mining": [
        1.18207448,
        259634
      ],
      "foraging": [
        1.232826,
        259634
      ],
      "enchanting": [
        0.96976583,
        882758
      ],
      "farming": [
        1.217848139,
        220689
      ],
      "combat": [
        1.15797687265,
        275862
      ],
      "fishing": [
        1.406418,
        88274
      ],
      "alchemy": [
        1,
        1103448
      ],
      "taming": [
        1.14744,
        441379
      ]
    },
    "dungeons": {
      "catacombs": 0.0002149604615,
      "classes": {
        "healer": 0.0000045254834,
        "mage": 0.0000045254834,
        "berserk": 0.0000045254834,
        "archer": 0.0000045254834,
        "tank": 0.0000045254834
      }
    }
  },
  "lily": {
    "slayer": {
      "deprecation_scaling": {
        "zombie": 0.72529102591,
        "spider": 0.7732512436,
        "wolf": 0.8085205492,
        "enderman": 0.8374104242,
        "blaze": 0.842
      }
    },
    "skills": {
      "ratio_weight": {
        "enchanting": [
          0,
          0.0125,
          0.025,
          0.0375,
          0.05,
          0.0625,
          0.075,
          0.0875,
          0.1,
          0.1125,
          0.125,
          0.1375,
          0.15,
          0.1625,
          0.175,
          0.1875,
          0.2,
          0.2125,
          0.225,
          0.2375,
          0.25,
          0.2625,
          0.275,
          0.2875,
          0.3,
          0.3125,
          0.325,
          0.3375,
          0.35,
          0.3625,
          0.375,
          0.3875,
          0.4,
          0.4125,
          0.425,
          0.4375,
          0.45,
          0.4625,
          0.475,
          0.4875,
          0.5,
          0.5125,
          0.525,
          0.5375,
          0.55,
          0.5625,
          0.575,
          0.5875,
          0.6,
          0.6125,
          0.625,
          0.640625,
          0.65625,
          0.671875,
          0.6875,
          0.703125,
          0.71875,
          0.734375,
          0.75,
          0.765625,
          0.78125,
          30
        ],
        "taming": [
          0,
          0.01625,
          0.0325,
          0.04875,
          0.065,
          0.08125,
          0.0975,
          0.11375,
          0.13,
          0.14625,
          0.1625,
          0.17875,
          0.195,
          0.21125,
          0.2275,
          0.24375,
          0.26,
          0.27625,
          0.2925,
          0.30875,
          0.325,
          0.34125,
          0.3575,
          0.37375,
          0.39,
          0.40625,
          0.4225,
          0.43875,
          0.455,
          0.47125,
          0.4875,
          0.50375,
          0.52,
          0.53625,
          0.5525,
          0.56875,
          0.585,
          0.60125,
          0.6175,
          0.63375,
          0.65,
          0.66625,
          0.6825,
          0.69875,
          0.715,
          0.73125,
          0.7475,
          0.76375,
          0.78,
          0.79625,
          0.8125,
          0.832813,
          0.853125,
          0.873437,
          0.89375,
          0.914062,
          0.934375,
          0.954688,
          0.975,
          0.995313,
          1.015625,
          35
        ],
        "alchemy": [
          0,
          0.01625,
          0.0325,
          0.04875,
          0.065,
          0.08125,
          0.0975,
          0.11375,
          0.13,
          0.14625,
          0.1625,
          0.17875,
          0.195,
          0.21125,
          0.2275,
          0.24375,
          0.26,
          0.27625,
          0.2925,
          0.30875,
          0.325,
          0.34125,
          0.3575,
          0.37375,
          0.39,
          0.40625,
          0.4225,
          0.43875,
          0.455,
          0.47125,
          0.4875,
          0.50375,
          0.52,
          0.53625,
          0.5525,
          0.56875,
          0.585,
          0.60125,
          0.6175,
          0.63375,
          0.65,
          0.66625,
          0.6825,
          0.69875,
          0.715,
          0.73125,
          0.7475,
          0.76375,
          0.78,
          0.79625,
          0.8125,
          0.832813,
          0.853125,
          0.873437,
          0.89375,
          0.914062,
          0.934375,
          0.954688,
          0.975,
          0.995313,
          1.015625,
          40
        ],
        "mining": [
          0,
          0.01875,
          0.0375,
          0.05625,
          0.075,
          0.09375,
          0.1125,
          0.13125,
          0.15,
          0.16875,
          0.1875,
          0.20625,
          0.225,
          0.24375,
          0.2625,
          0.28125,
          0.3,
          0.31875,
          0.3375,
          0.35625,
          0.375,
          0.39375,
          0.4125,
          0.43125,
          0.45,
          0.46875,
          0.4875,
          0.50625,
          0.525,
          0.54375,
          0.5625,
          0.58125,
          0.6,
          0.61875,
          0.6375,
          0.65625,
          0.675,
          0.69375,
          0.7125,
          0.73125,
          0.75,
          0.76875,
          0.7875,
          0.80625,
          0.825,
          0.84375,
          0.8625,
          0.88125,
          0.9,
          0.91875,
          0.9375,
          0.960938,
          0.984375,
          1.007812,
          1.03125,
          1.054688,
          1.078125,
          1.101562,
          1.125,
          1.148438,
          1.171875,
          60
        ],
        "farming": [
          0,
          0.0275,
          0.055,
          0.0825,
          0.11,
          0.1375,
          0.165,
          0.1925,
          0.22,
          0.2475,
          0.275,
          0.3025,
          0.33,
          0.3575,
          0.385,
          0.4125,
          0.44,
          0.4675,
          0.495,
          0.5225,
          0.55,
          0.5775,
          0.605,
          0.6325,
          0.66,
          0.6875,
          0.715,
          0.7425,
          0.77,
          0.7975,
          0.825,
          0.8525,
          0.88,
          0.9075,
          0.935,
          0.9625,
          0.99,
          1.0175,
          1.045,
          1.0725,
          1.1,
          1.1275,
          1.155,
          1.1825,
          1.21,
          1.2375,
          1.265,
          1.2925,
          1.32,
          1.3475,
          1.375,
          1.409375,
          1.44375,
          1.478125,
          1.5125,
          1.546875,
          1.58125,
          1.615625,
          1.65,
          1.684375,
          1.71875,
          80
        ],